algorithm,dataset_name,dataset_dimensions(elements|features|classes),PCA,adversarial_noise,accuracy,precision,recall,f1
RCA_Supervised,breast_cancer,(699|9|2),2,0,0.9514285714285714,0.9377622377622378,0.9592641502512746,0.9468232476249206
RCA_Supervised,breast_cancer,(699|9|2),2,0.1,0.9685714285714285,0.9561594202898551,0.9745749934034453,0.9644633972992183
RCA_Supervised,breast_cancer,(699|9|2),2,0.2,0.9542857142857143,0.945409058660991,0.9496400165856232,0.9474789915966386
RCA_Supervised,breast_cancer,(699|9|2),2,0.3,0.9685714285714285,0.9598930481283423,0.969892952720785,0.9646175478582129
RCA_Supervised,breast_cancer,(699|9|2),4,0,0.9428571428571428,0.935805729797146,0.935805729797146,0.935805729797146
RCA_Supervised,breast_cancer,(699|9|2),4,0.1,0.9657142857142857,0.9608888888888889,0.9642562945453244,0.9625321153297173
RCA_Supervised,breast_cancer,(699|9|2),4,0.2,0.9371428571428572,0.9362318840579711,0.9265873015873016,0.9310554779556606
RCA_Supervised,breast_cancer,(699|9|2),4,0.3,0.9742857142857143,0.9633804892425581,0.9788153336632532,0.9705263157894737
MMC_Supervised,breast_cancer,(699|9|2),2,0,0.96,0.9546666666666668,0.9579886107231116,0.9562874678846702
MMC_Supervised,breast_cancer,(699|9|2),2,0.1,0.9685714285714285,0.9659857065803668,0.9690691913536258,0.9674487423377722
MMC_Supervised,breast_cancer,(699|9|2),2,0.2,0.96,0.9453125,0.9703389830508475,0.9557905373705293
MMC_Supervised,breast_cancer,(699|9|2),2,0.3,0.9514285714285714,0.9506427358719378,0.9468801539307312,0.9486799092626295
MMC_Supervised,breast_cancer,(699|9|2),4,0,0.9714285714285714,0.9614972880388238,0.9764588859416445,0.9682971014492754
MMC_Supervised,breast_cancer,(699|9|2),4,0.1,0.9685714285714285,0.9595555555555556,0.9721288720046757,0.9653312442031139
MMC_Supervised,breast_cancer,(699|9|2),4,0.2,0.9571428571428572,0.9525290215588723,0.9565512914357419,0.9544567338972023
MMC_Supervised,breast_cancer,(699|9|2),4,0.3,0.9657142857142857,0.9658094681472823,0.9584411849295369,0.9619565217391304
LSML_Supervised,breast_cancer,(699|9|2),2,0,0.9742857142857143,0.9633804892425581,0.9788153336632532,0.9705263157894737
LSML_Supervised,breast_cancer,(699|9|2),2,0.1,0.9742857142857143,0.9677579365079365,0.9764516943953229,0.9718476016837816
LSML_Supervised,breast_cancer,(699|9|2),2,0.2,0.9742857142857143,0.9707362668967501,0.9725540438124797,0.9716346543480022
LSML_Supervised,breast_cancer,(699|9|2),2,0.3,0.9685714285714285,0.9613219349457882,0.972,0.96618387190275
LSML_Supervised,breast_cancer,(699|9|2),4,0,0.9657142857142857,0.9607122466457323,0.9641573195283291,0.9623938970667241
LSML_Supervised,breast_cancer,(699|9|2),4,0.1,0.96,0.9564444444444444,0.9564444444444444,0.9564444444444444
LSML_Supervised,breast_cancer,(699|9|2),4,0.2,0.98,0.9785957961923627,0.9765853302162477,0.9775795012582933
LSML_Supervised,breast_cancer,(699|9|2),4,0.3,0.96,0.9476449275362319,0.9634978991596639,0.9548703212496317
ITML_Supervised,breast_cancer,(699|9|2),2,0,0.9628571428571429,0.9555983192683875,0.963869715271786,0.9594831654778759
ITML_Supervised,breast_cancer,(699|9|2),2,0.1,0.98,0.9773333333333334,0.9790536682843277,0.9781832429496256
ITML_Supervised,breast_cancer,(699|9|2),2,0.2,0.96,0.95,0.96875,0.9575551782682513
ITML_Supervised,breast_cancer,(699|9|2),2,0.3,0.98,0.9737777777777777,0.9827898550724639,0.9780219780219781
ITML_Supervised,breast_cancer,(699|9|2),4,0,0.9628571428571429,0.9601912538949178,0.9584998572652013,0.9593354246543511
ITML_Supervised,breast_cancer,(699|9|2),4,0.1,0.9657142857142857,0.9608888888888889,0.9642562945453244,0.9625321153297173
ITML_Supervised,breast_cancer,(699|9|2),4,0.2,0.9685714285714285,0.9593741975716225,0.9698004201680672,0.9643052503731723
ITML_Supervised,breast_cancer,(699|9|2),4,0.3,0.98,0.9748161316183903,0.9826388888888888,0.9784806457562956
NCA,breast_cancer,(699|9|2),2,0,0.9542857142857143,0.9472826086956522,0.9509424313267095,0.9490705373058315
NCA,breast_cancer,(699|9|2),2,0.1,0.9342857142857143,0.9316919929865576,0.9232656423480534,0.9272276914454118
NCA,breast_cancer,(699|9|2),2,0.2,0.9457142857142857,0.9395258049496795,0.9411849295369572,0.9403453689167974
NCA,breast_cancer,(699|9|2),2,0.3,0.9657142857142857,0.9575340561579093,0.9698115900656581,0.9630489864864865
NCA,breast_cancer,(699|9|2),4,0,0.9714285714285714,0.9675357443229604,0.9738484094241195,0.9703751354279523
NCA,breast_cancer,(699|9|2),4,0.1,0.9514285714285714,0.9515555555555555,0.9440559440559441,0.947565543071161
NCA,breast_cancer,(699|9|2),4,0.2,0.94,0.9358678512364909,0.92515756302521,0.9302252726910261
NCA,breast_cancer,(699|9|2),4,0.3,0.9428571428571428,0.9387924501064636,0.9354607642992729,0.9370865688812193
MLKR,breast_cancer,(699|9|2),2,0,0.96,0.9511659521070793,0.9635758031589126,0.9567458776173158
MLKR,breast_cancer,(699|9|2),2,0.1,0.9685714285714285,0.955957581867742,0.9721234147850294,0.9634513333143471
MLKR,breast_cancer,(699|9|2),2,0.2,0.9771428571428571,0.9708397993431737,0.9785774549723047,0.9745352686529156
MLKR,breast_cancer,(699|9|2),2,0.3,0.9571428571428572,0.950416535954547,0.9578373015873016,0.9538870980492047
MLKR,breast_cancer,(699|9|2),4,0,0.9685714285714285,0.9581521739130435,0.9721631007057242,0.9646175478582129
MLKR,breast_cancer,(699|9|2),4,0.1,0.9342857142857143,0.9327731092436975,0.919658772599949,0.9256961943529107
MLKR,breast_cancer,(699|9|2),4,0.2,0.9571428571428572,0.9523490930716623,0.9503237742830712,0.9513253414179623
MLKR,breast_cancer,(699|9|2),4,0.3,0.9485714285714286,0.938003653164285,0.948607901397601,0.9429347826086956
LFDA,breast_cancer,(699|9|2),2,0,0.9514285714285714,0.9388400219901045,0.9609332707784475,0.947738711122432
LFDA,breast_cancer,(699|9|2),2,0.1,0.9685714285714285,0.963111111111111,0.9682556801840667,0.9655915131690663
LFDA,breast_cancer,(699|9|2),2,0.2,0.9657142857142857,0.9575065967581646,0.9713993149959395,0.963511259382819
LFDA,breast_cancer,(699|9|2),2,0.3,0.96,0.95,0.96875,0.9575551782682513
LFDA,breast_cancer,(699|9|2),4,0,0.9657142857142857,0.9508455302446719,0.9726933579477712,0.960609243697479
LFDA,breast_cancer,(699|9|2),4,0.1,0.9628571428571429,0.9637127578304049,0.9548601198972309,0.9590278340582254
LFDA,breast_cancer,(699|9|2),4,0.2,0.9714285714285714,0.9706666666666667,0.9674093428904347,0.9689980158730158
LFDA,breast_cancer,(699|9|2),4,0.3,0.9714285714285714,0.9620535714285714,0.9763661601402689,0.9685432844406097
LMNN,breast_cancer,(699|9|2),2,0,0.9657142857142857,0.959563120981882,0.963491010904804,0.9614834378782875
LMNN,breast_cancer,(699|9|2),2,0.1,0.9657142857142857,0.9555555555555556,0.9699937639851803,0.9621061748890253
LMNN,breast_cancer,(699|9|2),2,0.2,0.96,0.9524475524475524,0.9617470739366258,0.9567458776173159
LMNN,breast_cancer,(699|9|2),2,0.3,0.9742857142857143,0.9702499215727283,0.9747677364864865,0.9724214009928296
LMNN,breast_cancer,(699|9|2),4,0,0.9742857142857143,0.9720748600058945,0.9700487876453542,0.9710507209749014
LMNN,breast_cancer,(699|9|2),4,0.1,0.9742857142857143,0.9713463507644504,0.9729662698412698,0.9721463246412181
LMNN,breast_cancer,(699|9|2),4,0.2,0.98,0.974979149291076,0.9826100773277779,0.9785499785499785
LMNN,breast_cancer,(699|9|2),4,0.3,0.9771428571428571,0.9728353140916808,0.9786734013820197,0.9756004043361568
RCA_Supervised,vehicle,(846|18|4),2,0,0.46335697399527187,0.48390392668525317,0.47024734371819327,0.4618160853801829
RCA_Supervised,vehicle,(846|18|4),2,0.1,0.4515366430260047,0.45367568899884714,0.4483959608959609,0.4451046664159869
RCA_Supervised,vehicle,(846|18|4),2,0.2,0.4846335697399527,0.48802292168311134,0.48349276027404126,0.4830599629786029
RCA_Supervised,vehicle,(846|18|4),2,0.3,0.4491725768321513,0.4503150694016223,0.44931972789115643,0.4415050117840469
RCA_Supervised,vehicle,(846|18|4),4,0,0.508274231678487,0.513490198166403,0.5205596928942517,0.5070294379745599
RCA_Supervised,vehicle,(846|18|4),4,0.1,0.5366430260047281,0.5392069515481495,0.5341489875292504,0.5301348627130754
RCA_Supervised,vehicle,(846|18|4),4,0.2,0.5130023640661938,0.5373755704638058,0.5270703933747412,0.5183535345067035
RCA_Supervised,vehicle,(846|18|4),4,0.3,0.508274231678487,0.5307080400158242,0.5077207200405666,0.5111608979256038
MMC_Supervised,vehicle,(846|18|4),2,0,0.48699763593380613,0.48115831800311815,0.49731302402342703,0.48131729947076124
MMC_Supervised,vehicle,(846|18|4),2,0.1,0.48936170212765956,0.49757492295963146,0.4971543441938179,0.49122172785623486
MMC_Supervised,vehicle,(846|18|4),2,0.2,0.508274231678487,0.507653956613488,0.5094712860317911,0.4992572845982779
MMC_Supervised,vehicle,(846|18|4),2,0.3,0.47044917257683216,0.46668512043512045,0.4731516338988583,0.4676319524155914
MMC_Supervised,vehicle,(846|18|4),4,0,0.557919621749409,0.5572366836846079,0.5582287445554028,0.5469349082724473
MMC_Supervised,vehicle,(846|18|4),4,0.1,0.47044917257683216,0.46630335332000883,0.4810836321164711,0.46711233841734257
MMC_Supervised,vehicle,(846|18|4),4,0.2,0.5319148936170213,0.5307547719824988,0.5353968169680786,0.5291250333408565
MMC_Supervised,vehicle,(846|18|4),4,0.3,0.524822695035461,0.5117675338517831,0.5264655823010328,0.5111268590370757
LSML_Supervised,vehicle,(846|18|4),2,0,0.35933806146572106,0.3565515099805007,0.36173122964327886,0.3534785551343352
LSML_Supervised,vehicle,(846|18|4),2,0.1,0.3735224586288416,0.3715422310553072,0.3795692908380639,0.361855205339832
LSML_Supervised,vehicle,(846|18|4),2,0.2,0.37115839243498816,0.3730072655300935,0.3888707662664019,0.35760218495818125
LSML_Supervised,vehicle,(846|18|4),2,0.3,0.3640661938534279,0.37935193268895984,0.3756071328052752,0.35345768718554915
LSML_Supervised,vehicle,(846|18|4),4,0,0.5200945626477541,0.5299080573270356,0.524465403412501,0.5190195861662337
LSML_Supervised,vehicle,(846|18|4),4,0.1,0.42080378250591016,0.42047319916760373,0.4266067008734978,0.4219393420787865
LSML_Supervised,vehicle,(846|18|4),4,0.2,0.47044917257683216,0.4711649894497646,0.47153832838444226,0.4702479017535651
LSML_Supervised,vehicle,(846|18|4),4,0.3,0.44680851063829785,0.4504416175611828,0.4470101718752555,0.4458732318091659
ITML_Supervised,vehicle,(846|18|4),2,0,0.39243498817966904,0.38248866558706923,0.3936243837937763,0.3843336234909866
ITML_Supervised,vehicle,(846|18|4),2,0.1,0.3546099290780142,0.3534817091726002,0.3580234049207809,0.3483511794649149
ITML_Supervised,vehicle,(846|18|4),2,0.2,0.3309692671394799,0.3381887755102041,0.33881964247118784,0.32202518420227694
ITML_Supervised,vehicle,(846|18|4),2,0.3,0.37115839243498816,0.3756104106934789,0.38161868930999593,0.3511631856002717
ITML_Supervised,vehicle,(846|18|4),4,0,0.47044917257683216,0.4814366407482533,0.4818578340545473,0.4596905691450932
ITML_Supervised,vehicle,(846|18|4),4,0.1,0.43498817966903075,0.44140806727708065,0.4409039018414018,0.4315492269829122
ITML_Supervised,vehicle,(846|18|4),4,0.2,0.48936170212765956,0.4878411627076768,0.49289825773590384,0.48447762374132686
ITML_Supervised,vehicle,(846|18|4),4,0.3,0.40189125295508277,0.4219316191460648,0.4046679130367743,0.4052357730106606
NCA,vehicle,(846|18|4),2,0,0.5106382978723404,0.5066463572595408,0.5139384713112503,0.5046144227093157
NCA,vehicle,(846|18|4),2,0.1,0.5035460992907801,0.4984222319563313,0.5066899299133566,0.4919123325005678
NCA,vehicle,(846|18|4),2,0.2,0.5011820330969267,0.5006523391924718,0.5170991643024155,0.4991329606426438
NCA,vehicle,(846|18|4),2,0.3,0.4444444444444444,0.4444436261359439,0.4552791348365187,0.43903145332098104
NCA,vehicle,(846|18|4),4,0,0.5508274231678487,0.5547127544174314,0.5550435188631084,0.5487961340382203
NCA,vehicle,(846|18|4),4,0.1,0.44680851063829785,0.4584221392702257,0.4561392012140443,0.4379462771108192
NCA,vehicle,(846|18|4),4,0.2,0.5295508274231678,0.5553490589663077,0.5268669713137949,0.5285084489757387
NCA,vehicle,(846|18|4),4,0.3,0.5390070921985816,0.546850740873092,0.5557890718761328,0.5401340347292419
MLKR,vehicle,(846|18|4),2,0,0.5106382978723404,0.5145432633951794,0.5122685564761692,0.5009978821784232
MLKR,vehicle,(846|18|4),2,0.1,0.524822695035461,0.526069838399071,0.5234280305498715,0.5194135581061693
MLKR,vehicle,(846|18|4),2,0.2,0.5177304964539007,0.5153864275259624,0.524835897061279,0.5150571523461723
MLKR,vehicle,(846|18|4),2,0.3,0.5011820330969267,0.49727122043044814,0.4976118420747133,0.49562801474242246
MLKR,vehicle,(846|18|4),4,0,0.5697399527186762,0.5692713549200697,0.5806009371516362,0.5687774136438546
MLKR,vehicle,(846|18|4),4,0.1,0.5791962174940898,0.5693587589938411,0.5806446367206677,0.5653231026737343
MLKR,vehicle,(846|18|4),4,0.2,0.5106382978723404,0.5084821428571429,0.5190388804890341,0.5009433784347975
MLKR,vehicle,(846|18|4),4,0.3,0.5673758865248227,0.5507707856061775,0.5727399685651402,0.5548661764889992
LFDA,vehicle,(846|18|4),2,0,0.5224586288416075,0.5285805231909955,0.5218609692718944,0.5207353820842302
LFDA,vehicle,(846|18|4),2,0.1,0.5390070921985816,0.5371897075357316,0.5456836323673089,0.5331343101378838
LFDA,vehicle,(846|18|4),2,0.2,0.5059101654846335,0.5017845529390881,0.5075593136236701,0.5013126135230971
LFDA,vehicle,(846|18|4),2,0.3,0.5295508274231678,0.5296490584623254,0.5342238916874144,0.5269711733638314
LFDA,vehicle,(846|18|4),4,0,0.5768321513002365,0.5653365078612732,0.5747674767476747,0.5663474554597885
LFDA,vehicle,(846|18|4),4,0.1,0.541371158392435,0.5474318899826969,0.5451022463731315,0.5401206033091099
LFDA,vehicle,(846|18|4),4,0.2,0.5791962174940898,0.5762147526617281,0.5911819479253689,0.5751111879460463
LFDA,vehicle,(846|18|4),4,0.3,0.5815602836879432,0.5649019998818385,0.5942268883077193,0.5750255814202009
LMNN,vehicle,(846|18|4),2,0,0.48226950354609927,0.49221064814814813,0.49281488950963676,0.4760076122927362
LMNN,vehicle,(846|18|4),2,0.1,0.5011820330969267,0.4846259374428389,0.5071773443524579,0.4879436137272326
LMNN,vehicle,(846|18|4),2,0.2,0.541371158392435,0.5544030835719216,0.5407481785914441,0.5389206402145278
LMNN,vehicle,(846|18|4),2,0.3,0.4940898345153664,0.47262276895813077,0.4938270393256614,0.470172644451872
LMNN,vehicle,(846|18|4),4,0,0.5390070921985816,0.5321920473098039,0.5411197953583361,0.5335692396057745
LMNN,vehicle,(846|18|4),4,0.1,0.5650118203309693,0.5665278143791477,0.571501939667651,0.56151580443886
LMNN,vehicle,(846|18|4),4,0.2,0.5791962174940898,0.5711779202038942,0.5824202758026287,0.5753137115188207
LMNN,vehicle,(846|18|4),4,0.3,0.557919621749409,0.5397998704488408,0.5680106811652881,0.5478079723134746
RCA_Supervised,german_credit,(1000|24|2),2,0,0.668,0.5643623219424032,0.5534680653509552,0.5549502402196294
RCA_Supervised,german_credit,(1000|24|2),2,0.1,0.65,0.5489388766151169,0.5431387205917066,0.5440784914469126
RCA_Supervised,german_credit,(1000|24|2),2,0.2,0.66,0.5407439782439782,0.5338962508080155,0.5339912280701754
RCA_Supervised,german_credit,(1000|24|2),2,0.3,0.636,0.5313216743119267,0.5156698221457258,0.48926903735632177
RCA_Supervised,german_credit,(1000|24|2),4,0,0.726,0.671037296037296,0.6326778550036729,0.6412692261365481
RCA_Supervised,german_credit,(1000|24|2),4,0.1,0.716,0.6511647324037739,0.6030664718495607,0.6085048192505349
RCA_Supervised,german_credit,(1000|24|2),4,0.2,0.724,0.6599067599067598,0.6316799754299754,0.6395662257882531
RCA_Supervised,german_credit,(1000|24|2),4,0.3,0.724,0.6759840014544133,0.6433118661632985,0.6515433096315448
MMC_Supervised,german_credit,(1000|24|2),2,0,0.63,0.5055555555555555,0.503890016888366,0.4943116898736599
MMC_Supervised,german_credit,(1000|24|2),2,0.1,0.648,0.5353649893692417,0.5234973912715903,0.5147665365358742
MMC_Supervised,german_credit,(1000|24|2),2,0.2,0.676,0.5682926829268293,0.5491573033707865,0.5481020285197831
MMC_Supervised,german_credit,(1000|24|2),2,0.3,0.63,0.5081680565405591,0.5065152933832708,0.5026641074030463
MMC_Supervised,german_credit,(1000|24|2),4,0,0.654,0.5882233913395386,0.5865471869328494,0.5873071913511038
MMC_Supervised,german_credit,(1000|24|2),4,0.1,0.714,0.6532501889644746,0.6222052701964551,0.6293012717817906
MMC_Supervised,german_credit,(1000|24|2),4,0.2,0.718,0.6442260321213913,0.6137445361826129,0.620949400777457
MMC_Supervised,german_credit,(1000|24|2),4,0.3,0.704,0.6376113007966794,0.6170136055712632,0.622787700840062
LSML_Supervised,german_credit,(1000|24|2),2,0,0.654,0.5442961165048543,0.5304749615742235,0.5244090851610136
LSML_Supervised,german_credit,(1000|24|2),2,0.1,0.656,0.5245527217358203,0.5148571867321867,0.5020727668542578
LSML_Supervised,german_credit,(1000|24|2),2,0.2,0.646,0.5212411825315051,0.5156835205992509,0.5105927634089287
LSML_Supervised,german_credit,(1000|24|2),2,0.3,0.662,0.49938712972420835,0.4997097747852333,0.47384479355413167
LSML_Supervised,german_credit,(1000|24|2),4,0,0.656,0.5616153300862089,0.5519261528974195,0.5530145530145529
LSML_Supervised,german_credit,(1000|24|2),4,0.1,0.688,0.5968138226202743,0.5706191825171996,0.5723684210526316
LSML_Supervised,german_credit,(1000|24|2),4,0.2,0.68,0.6001012518409425,0.5828571428571429,0.5862554045387782
LSML_Supervised,german_credit,(1000|24|2),4,0.3,0.714,0.646969696969697,0.6205567984091473,0.6274469958680484
ITML_Supervised,german_credit,(1000|24|2),2,0,0.654,0.5495595038156693,0.5313431723315444,0.5216528139533597
ITML_Supervised,german_credit,(1000|24|2),2,0.1,0.664,0.5889595038531209,0.5524197195838987,0.5420746200309645
ITML_Supervised,german_credit,(1000|24|2),2,0.2,0.664,0.53680173992674,0.5252970335982374,0.5197914522878507
ITML_Supervised,german_credit,(1000|24|2),2,0.3,0.69,0.620538801527406,0.5741912798874824,0.5714230414032992
ITML_Supervised,german_credit,(1000|24|2),4,0,0.694,0.6163227016885554,0.6052200374531835,0.6091175253307173
ITML_Supervised,german_credit,(1000|24|2),4,0.1,0.684,0.616751269035533,0.5902361388703827,0.5934206192358367
ITML_Supervised,german_credit,(1000|24|2),4,0.2,0.716,0.6496867594265469,0.6219812998336488,0.6291188700139995
ITML_Supervised,german_credit,(1000|24|2),4,0.3,0.726,0.6638436990917409,0.6409321253071254,0.6483121550506996
NCA,german_credit,(1000|24|2),2,0,0.636,0.5340014508718665,0.5233405263837401,0.5146666666666666
NCA,german_credit,(1000|24|2),2,0.1,0.636,0.4883937437934459,0.49282094594594594,0.47648195876288657
NCA,german_credit,(1000|24|2),2,0.2,0.652,0.5452214452214452,0.5381619324887875,0.5384517443340973
NCA,german_credit,(1000|24|2),2,0.3,0.634,0.5035435861091424,0.5023809523809524,0.4910304547350855
NCA,german_credit,(1000|24|2),4,0,0.656,0.5577674756840287,0.5495864544319601,0.5507637017070979
NCA,german_credit,(1000|24|2),4,0.1,0.686,0.6016858100329999,0.5757142857142857,0.5779365668231259
NCA,german_credit,(1000|24|2),4,0.2,0.688,0.5872868659484911,0.5738070821017072,0.5771532656778559
NCA,german_credit,(1000|24|2),4,0.3,0.688,0.6089455033042812,0.5866666666666667,0.5904737903225806
MLKR,german_credit,(1000|24|2),2,0,0.63,0.5100218161985275,0.5088677082704952,0.5079761062558843
MLKR,german_credit,(1000|24|2),2,0.1,0.634,0.5272368506178431,0.5252822483785732,0.5256093198326413
MLKR,german_credit,(1000|24|2),2,0.2,0.618,0.4939156567149473,0.4952400223545509,0.4893020818293146
MLKR,german_credit,(1000|24|2),2,0.3,0.646,0.5567943712918239,0.549047619047619,0.5499366860083706
MLKR,german_credit,(1000|24|2),4,0,0.706,0.6407103825136612,0.6329903066042281,0.6362088507664362
MLKR,german_credit,(1000|24|2),4,0.1,0.71,0.6378919141914192,0.6022581693722633,0.608055142586836
MLKR,german_credit,(1000|24|2),4,0.2,0.71,0.6541958041958043,0.6228389444949954,0.6295558246598301
MLKR,german_credit,(1000|24|2),4,0.3,0.704,0.6252802337590367,0.5958451369216242,0.6010437557956482
LFDA,german_credit,(1000|24|2),2,0,0.662,0.5651477025955672,0.5347426470588235,0.5184389443269828
LFDA,german_credit,(1000|24|2),2,0.1,0.642,0.5364035087719298,0.5330815679866079,0.5336574283942704
LFDA,german_credit,(1000|24|2),2,0.2,0.674,0.57145172220749,0.5461904761904762,0.5412043526477858
LFDA,german_credit,(1000|24|2),2,0.3,0.638,0.5276360544217688,0.5227294803302575,0.5211412183648958
LFDA,german_credit,(1000|24|2),4,0,0.75,0.7125741003590215,0.6443965517241379,0.6563649459255879
LFDA,german_credit,(1000|24|2),4,0.1,0.728,0.6688056699549851,0.6342857142857143,0.6429771505376345
LFDA,german_credit,(1000|24|2),4,0.2,0.72,0.6676819981724033,0.6230992844364938,0.6305756686580397
LFDA,german_credit,(1000|24|2),4,0.3,0.76,0.6977697408077155,0.6634647960302118,0.6747332812906583
LMNN,german_credit,(1000|24|2),2,0,0.664,0.5639324001182192,0.5451526594432532,0.5420746200309645
LMNN,german_credit,(1000|24|2),2,0.1,0.674,0.5820413436692506,0.5550187414062647,0.5518998894869667
LMNN,german_credit,(1000|24|2),2,0.2,0.644,0.5303647621186359,0.5174569800254524,0.5004938936781609
LMNN,german_credit,(1000|24|2),2,0.3,0.66,0.5269001395761959,0.5164073988081418,0.5046620046620046
LMNN,german_credit,(1000|24|2),4,0,0.744,0.68625,0.644145190000774,0.6549567617692093
LMNN,german_credit,(1000|24|2),4,0.1,0.718,0.66625,0.62348888600026,0.630795334928856
LMNN,german_credit,(1000|24|2),4,0.2,0.73,0.6765343055665636,0.6263233514821537,0.6350858224084336
LMNN,german_credit,(1000|24|2),4,0.3,0.72,0.6514767932489451,0.6210710913260489,0.6286393345216874
RCA_Supervised,image_segment,(210|19|7),2,0,0.5238095238095238,0.5217047731864185,0.5311313999283923,0.5202261362975649
RCA_Supervised,image_segment,(210|19|7),2,0.2,0.49523809523809526,0.5005851991146109,0.5205651491365777,0.49188956463706185
RCA_Supervised,image_segment,(210|19|7),2,0.3,0.5428571428571428,0.550233131530124,0.5147394990384818,0.5149057946679191
RCA_Supervised,image_segment,(210|19|7),4,0,0.7333333333333333,0.7610858988904485,0.7428321328531412,0.7176416047383789
RCA_Supervised,image_segment,(210|19|7),4,0.1,0.7047619047619048,0.6236911431239163,0.7172619047619048,0.6622758194186765
RCA_Supervised,image_segment,(210|19|7),4,0.2,0.7714285714285715,0.796446608946609,0.7678571428571429,0.761094470046083
MMC_Supervised,image_segment,(210|19|7),2,0,0.4380952380952381,0.502673350041771,0.47570694944644526,0.46929362930517954
MMC_Supervised,image_segment,(210|19|7),2,0.1,0.47619047619047616,0.49987798149562856,0.48671160772001104,0.48660446696160975
MMC_Supervised,image_segment,(210|19|7),2,0.2,0.4,0.41362334407447193,0.418040293040293,0.3732370773503016
MMC_Supervised,image_segment,(210|19|7),2,0.3,0.38095238095238093,0.4519777608012902,0.41513696387645965,0.4045633564430557
MMC_Supervised,image_segment,(210|19|7),4,0,0.5714285714285714,0.5052390521425961,0.5660014005602241,0.5249299719887955
MMC_Supervised,image_segment,(210|19|7),4,0.1,0.6,0.6023958068075715,0.600885225885226,0.5882257186605012
MMC_Supervised,image_segment,(210|19|7),4,0.2,0.5428571428571428,0.520609559613319,0.5268889134601208,0.5127742344789062
MMC_Supervised,image_segment,(210|19|7),4,0.3,0.6095238095238096,0.6216374269005848,0.6064768564768565,0.5913200339558574
LSML_Supervised,image_segment,(210|19|7),2,0,0.42857142857142855,0.5238744588744588,0.45189897821476765,0.4515068567571348
LSML_Supervised,image_segment,(210|19|7),2,0.1,0.5238095238095238,0.5737229437229436,0.4970727685013399,0.5060386669142429
LSML_Supervised,image_segment,(210|19|7),2,0.2,0.44761904761904764,0.49981962481962483,0.4631170416884702,0.46611293468436316
LSML_Supervised,image_segment,(210|19|7),2,0.3,0.42857142857142855,0.484849709114415,0.44858553469234586,0.4272338441598404
LSML_Supervised,image_segment,(210|19|7),4,0,0.6571428571428571,0.6947699359464066,0.6800453514739229,0.6831995861003826
LSML_Supervised,image_segment,(210|19|7),4,0.1,0.6666666666666666,0.6199443413729128,0.6588217338217338,0.6305021619307334
LSML_Supervised,image_segment,(210|19|7),4,0.2,0.45714285714285713,0.42233044733044733,0.4941104646987,0.42660209491688195
LSML_Supervised,image_segment,(210|19|7),4,0.3,0.7142857142857143,0.7257142857142858,0.6877574806146234,0.6884544740616703
ITML_Supervised,image_segment,(210|19|7),2,0,0.41904761904761906,0.44470555899127323,0.43274751564225244,0.4096275241786077
ITML_Supervised,image_segment,(210|19|7),2,0.1,0.5047619047619047,0.5886154461784715,0.5297190167933202,0.5060481457540281
ITML_Supervised,image_segment,(210|19|7),2,0.2,0.4,0.4643892339544514,0.4379992556463144,0.42375284266040575
ITML_Supervised,image_segment,(210|19|7),2,0.3,0.4857142857142857,0.5274777853725222,0.4814662707188138,0.48262472698562914
ITML_Supervised,image_segment,(210|19|7),4,0,0.7047619047619048,0.6620718462823726,0.6678391053391053,0.6592474827768946
ITML_Supervised,image_segment,(210|19|7),4,0.1,0.6095238095238096,0.6196195144724557,0.5973839535814325,0.5934121016827785
ITML_Supervised,image_segment,(210|19|7),4,0.2,0.7142857142857143,0.7393698893698895,0.7318322200675142,0.6997294541158637
ITML_Supervised,image_segment,(210|19|7),4,0.3,0.6857142857142857,0.7545454545454545,0.7009294068504595,0.6633809133809133
NCA,image_segment,(210|19|7),2,0,0.5238095238095238,0.653096766397259,0.5634378153175146,0.5274582560296847
NCA,image_segment,(210|19|7),2,0.1,0.5047619047619047,0.512579744816587,0.5167748917748918,0.49491685563114135
NCA,image_segment,(210|19|7),2,0.2,0.4095238095238095,0.46370496399100525,0.4457013574660634,0.4419995109436104
NCA,image_segment,(210|19|7),2,0.3,0.44761904761904764,0.4720645834091212,0.4592379842379843,0.4479988741908247
NCA,image_segment,(210|19|7),4,0,0.6666666666666666,0.6945134575569358,0.6808762978875761,0.661050061050061
NCA,image_segment,(210|19|7),4,0.1,0.7714285714285715,0.8025898078529659,0.7791800930898675,0.7776087327811466
NCA,image_segment,(210|19|7),4,0.2,0.7142857142857143,0.7251648351648352,0.7045216688073832,0.6928706168457721
NCA,image_segment,(210|19|7),4,0.3,0.6952380952380952,0.7261904761904762,0.6952423074492955,0.6699822721434036
MLKR,image_segment,(210|19|7),2,0,0.4666666666666667,0.5512355752017406,0.4773667159171361,0.4879818594104309
MLKR,image_segment,(210|19|7),2,0.1,0.3904761904761905,0.36489652782413085,0.43151927437641724,0.36829845643366516
MLKR,image_segment,(210|19|7),2,0.2,0.4857142857142857,0.5390899571704526,0.49540543490123323,0.4849627598074803
MLKR,image_segment,(210|19|7),2,0.3,0.5238095238095238,0.5337257891662411,0.5069264069264069,0.49212056059882153
MLKR,image_segment,(210|19|7),4,0,0.7428571428571429,0.8037620220501994,0.7607459583023493,0.7560706689623741
MLKR,image_segment,(210|19|7),4,0.1,0.7238095238095238,0.7708855472013366,0.7117988220929397,0.7212972085385879
MLKR,image_segment,(210|19|7),4,0.2,0.6571428571428571,0.7092475879240584,0.6732412195647489,0.6547319807688471
MLKR,image_segment,(210|19|7),4,0.3,0.7238095238095238,0.7386670610273095,0.7249149659863947,0.725369532428356
LFDA,image_segment,(210|19|7),2,0,0.49523809523809526,0.5343996743996745,0.5260031285241369,0.4809072370366911
LFDA,image_segment,(210|19|7),2,0.1,0.5428571428571428,0.5862745098039215,0.5433703305883757,0.5527522630641865
LFDA,image_segment,(210|19|7),2,0.2,0.45714285714285713,0.5069101324740423,0.45811965811965816,0.44397563843598287
LFDA,image_segment,(210|19|7),2,0.3,0.4,0.42380952380952375,0.42324917146345725,0.387244742834805
LFDA,image_segment,(210|19|7),4,0,0.6476190476190476,0.6737755102040817,0.6797065317355012,0.6384173939607868
LFDA,image_segment,(210|19|7),4,0.1,0.7333333333333333,0.7294154503906826,0.732869104579631,0.7234281390784648
LFDA,image_segment,(210|19|7),4,0.2,0.5333333333333333,0.5450026164311879,0.5218783667313079,0.5157117958846069
LFDA,image_segment,(210|19|7),4,0.3,0.6857142857142857,0.678324599377231,0.717733247145012,0.6771261193317447
LMNN,image_segment,(210|19|7),2,0,0.4666666666666667,0.5090476190476191,0.4779985678481919,0.4294848448579261
LMNN,image_segment,(210|19|7),2,0.1,0.5523809523809524,0.5498620009898205,0.530952380952381,0.5328695866327978
LMNN,image_segment,(210|19|7),2,0.2,0.47619047619047616,0.5918367346938777,0.4948369091226234,0.4969593898165327
LMNN,image_segment,(210|19|7),2,0.3,0.38095238095238093,0.3728146594606222,0.39311339245549776,0.36658046268049443
LMNN,image_segment,(210|19|7),4,0,0.780952380952381,0.8076123927832002,0.7861274064281584,0.7784583132747761
LMNN,image_segment,(210|19|7),4,0.1,0.7714285714285715,0.8343537414965987,0.782171201814059,0.7771378753521611
LMNN,image_segment,(210|19|7),4,0.2,0.7428571428571429,0.7807747807747808,0.7604894589414714,0.7590118215118216
LMNN,image_segment,(210|19|7),4,0.3,0.7238095238095238,0.7447726459004654,0.7451395722072415,0.7314365613904785
RCA_Supervised,isolet,(7797|617|26),2,0,0.26801744036932545,0.27344912768224783,0.27202225605438046,0.2676421153919405
RCA_Supervised,isolet,(7797|617|26),2,0.1,0.2751987689151064,0.27605239162909523,0.2731679711206933,0.26886774955533543
RCA_Supervised,isolet,(7797|617|26),2,0.2,0.2751987689151064,0.2747658596937447,0.2771968676912817,0.26972192164558323
RCA_Supervised,isolet,(7797|617|26),2,0.3,0.277507053090536,0.2783529433962425,0.2802242668020039,0.2731864029384537
RCA_Supervised,isolet,(7797|617|26),4,0,0.5185945114131829,0.520542538040442,0.5221807535650488,0.5134004943264932
RCA_Supervised,isolet,(7797|617|26),4,0.1,0.5324442164657605,0.5394544703926418,0.5326680144502803,0.5282539206983498
RCA_Supervised,isolet,(7797|617|26),4,0.2,0.5165427032572455,0.5267202985087445,0.5206843129513271,0.5143742825646783
RCA_Supervised,isolet,(7797|617|26),4,0.3,0.517312131315722,0.5207150514621911,0.5160617998850432,0.5142036252610528
MMC_Supervised,isolet,(7797|617|26),2,0,0.150294947422416,0.15254835938164313,0.14926368772230741,0.1435746469228237
MMC_Supervised,isolet,(7797|617|26),2,0.1,0.1549115157732752,0.15934171846139644,0.15337292632827018,0.15187285984458923
MMC_Supervised,isolet,(7797|617|26),2,0.2,0.14849961528597075,0.14785222600080544,0.14861211195703236,0.14254745550358588
MMC_Supervised,isolet,(7797|617|26),2,0.3,0.14619133111054117,0.1499516893919741,0.1461916489703895,0.1432705716912384
MMC_Supervised,isolet,(7797|617|26),4,0,0.21236214413952295,0.20569777649155474,0.21041287347383764,0.2020529041067392
MMC_Supervised,isolet,(7797|617|26),4,0.1,0.20569376763272634,0.19383234527785448,0.2032662122792742,0.1934479918502881
MMC_Supervised,isolet,(7797|617|26),4,0.2,0.20287253141831238,0.20514777291505906,0.20298537843983355,0.19558824872914266
MMC_Supervised,isolet,(7797|617|26),4,0.3,0.20312900743780457,0.20332548633788164,0.2029342354209083,0.195213447903564
LSML_Supervised,isolet,(7797|617|26),2,0,0.2926391382405745,0.2932339962240471,0.29377669815963664,0.285798382369161
LSML_Supervised,isolet,(7797|617|26),2,0.1,0.2764811490125673,0.2849676710441004,0.2778148698188722,0.2750585870024337
LSML_Supervised,isolet,(7797|617|26),2,0.2,0.27827648114901254,0.2891816028131527,0.2845470355826285,0.2777107907368862
LSML_Supervised,isolet,(7797|617|26),2,0.3,0.275968196973583,0.2787497843238562,0.27648734585001405,0.27155900682956385
LSML_Supervised,isolet,(7797|617|26),4,0,0.5327006924852526,0.5326655547247671,0.5348765874723442,0.5277436081085168
LSML_Supervised,isolet,(7797|617|26),4,0.1,0.5388561169530649,0.5435783678856667,0.541743441526132,0.5358942622314105
LSML_Supervised,isolet,(7797|617|26),4,0.2,0.5239805078225186,0.5249867891027529,0.5216036610927781,0.5180644330545789
LSML_Supervised,isolet,(7797|617|26),4,0.3,0.523211079764042,0.525298852272692,0.5216361510260392,0.5196734632393573
ITML_Supervised,isolet,(7797|617|26),2,0,0.25929725570659146,0.26701384299337166,0.26105528563898317,0.25699960431758223
ITML_Supervised,isolet,(7797|617|26),2,0.1,0.17004360092331366,0.17521289268328208,0.1711032288219735,0.16532718953553566
ITML_Supervised,isolet,(7797|617|26),2,0.2,0.13131572197999486,0.13967236244421877,0.13349917961915198,0.12848458462594856
ITML_Supervised,isolet,(7797|617|26),2,0.3,0.16440112849448577,0.1730780070847939,0.16396543180784146,0.15890696232001997
ITML_Supervised,isolet,(7797|617|26),4,0,0.4467812259553732,0.45201180246281064,0.44757918824457466,0.44296819678282484
ITML_Supervised,isolet,(7797|617|26),4,0.1,0.4180559117722493,0.4211073754900471,0.417506626757222,0.41447431541104685
ITML_Supervised,isolet,(7797|617|26),4,0.2,0.34265196204154913,0.3467025865521499,0.34155426309184883,0.3376335105721501
ITML_Supervised,isolet,(7797|617|26),4,0.3,0.3700948961272121,0.3742009817804525,0.36996458274936656,0.36397411679027303
NCA,isolet,(7797|617|26),2,0,0.28161066940241086,0.28145069874792733,0.27899757313000184,0.2763126830627821
NCA,isolet,(7797|617|26),2,0.1,0.26981277250577074,0.2725586469706411,0.26818159096370064,0.26494243096783304
NCA,isolet,(7797|617|26),2,0.2,0.2641703000769428,0.2709717355931996,0.2651745116831884,0.2616219717165769
NCA,isolet,(7797|617|26),2,0.3,0.284688381636317,0.2841736748854602,0.2845161204292348,0.27947655604197197
NCA,isolet,(7797|617|26),4,0,0.4749935880995127,0.4769228803419586,0.4736145101782183,0.4700140798828346
NCA,isolet,(7797|617|26),4,0.1,0.5167991792767376,0.5204854842491,0.5179146225504447,0.5133981374394654
NCA,isolet,(7797|617|26),4,0.2,0.5116696588868941,0.5110351131336994,0.5111216835709723,0.5044405114786013
NCA,isolet,(7797|617|26),4,0.3,0.5206463195691203,0.5191227280433943,0.5191605766139836,0.5136518962647862
MLKR,isolet,(7797|617|26),2,0,0.2769941010515517,0.27994114430481004,0.2759612640251183,0.27332182354182694
MLKR,isolet,(7797|617|26),2,0.1,0.27083867658373945,0.2707856124147604,0.2720142423071152,0.2653688704467762
MLKR,isolet,(7797|617|26),2,0.2,0.273146960759169,0.2734719875443184,0.2721662997853269,0.2676632131040689
MLKR,isolet,(7797|617|26),2,0.3,0.2869966658117466,0.2872351130374712,0.2860716353453638,0.28057389472006333
MLKR,isolet,(7797|617|26),4,0,0.523211079764042,0.5252570299095368,0.5270597675236622,0.5184536010051002
MLKR,isolet,(7797|617|26),4,0.1,0.5283406001538856,0.5302994777069627,0.5315884448042838,0.5267747468610492
MLKR,isolet,(7797|617|26),4,0.2,0.5155167991792767,0.5198995825100682,0.5185194617889468,0.5133984537261675
MLKR,isolet,(7797|617|26),4,0.3,0.5324442164657605,0.5325447797613386,0.5310380016868594,0.5282450228498425
LFDA,isolet,(7797|617|26),2,0,0.2749422928956143,0.2754823458036167,0.2728998437690778,0.26784171477035745
LFDA,isolet,(7797|617|26),2,0.1,0.2710951526032316,0.27119307565930184,0.2707287622504689,0.2656240171377329
LFDA,isolet,(7797|617|26),2,0.2,0.26853039240830984,0.26851421633083833,0.2684029725771744,0.2632276650126012
LFDA,isolet,(7797|617|26),2,0.3,0.26673506027186455,0.2675675223046801,0.2681001449447746,0.26235169751590337
LFDA,isolet,(7797|617|26),4,0,0.48576558091818417,0.4844213165013226,0.48393027660927423,0.47907266281477245
LFDA,isolet,(7797|617|26),4,0.1,0.5003847140292382,0.500143703851259,0.502150890810371,0.496657840925864
LFDA,isolet,(7797|617|26),4,0.2,0.5124390869453707,0.516560204982207,0.5133305031966601,0.5073780997436379
LFDA,isolet,(7797|617|26),4,0.3,0.4967940497563478,0.5024778170052117,0.4983597103357411,0.49221064775753887
LMNN,isolet,(7797|617|26),2,0,0.2654526801744037,0.26997069792732803,0.26723572554313746,0.26278506864456014
LMNN,isolet,(7797|617|26),2,0.1,0.2769941010515517,0.28621203738206047,0.2791400924516062,0.27407332247094046
LMNN,isolet,(7797|617|26),2,0.2,0.2713516286227238,0.27230558327914295,0.2701305654681735,0.266407883719724
LMNN,isolet,(7797|617|26),2,0.3,0.26699153629135675,0.27254175720219115,0.26864412611047245,0.2635346951149
LMNN,isolet,(7797|617|26),4,0,0.5234675557835342,0.5327609884570649,0.5265808417319804,0.5229032509404888
LMNN,isolet,(7797|617|26),4,0.1,0.5319312644267761,0.5356768127328861,0.5311808923517212,0.528747743042598
LMNN,isolet,(7797|617|26),4,0.2,0.5183380353936907,0.5228363022084537,0.5192408768735249,0.5121990510349107
LMNN,isolet,(7797|617|26),4,0.3,0.5134649910233393,0.5139722878679901,0.5100732748016005,0.5064811805300118
NCA,letters,(20000|16|26),2,0,0.1836,0.1944928562589629,0.1826049939164442,0.18073502963109697
NCA,letters,(20000|16|26),2,0.1,0.1813,0.18899336176459133,0.18104910295415638,0.17635445029979324
NCA,letters,(20000|16|26),2,0,0.1765,0.18199407690776376,0.17550426890406148,0.171089823953941
NCA,letters,(20000|16|26),2,0.1,0.1831,0.18922907932764368,0.18143917915887278,0.17671197807524203
NCA,letters,(20000|16|26),2,0.2,0.1831,0.19045203667693175,0.18335464270271637,0.17638815640082076
NCA,letters,(20000|16|26),2,0.3,0.181,0.1897138911952867,0.18001845977580289,0.17760092889965068
NCA,letters,(20000|16|26),4,0,0.5935,0.6002922403456494,0.5951979049035366,0.5950435921863759
NCA,letters,(20000|16|26),4,0.1,0.5809,0.590315559652729,0.5798628500845788,0.5820556556679013
NCA,letters,(20000|16|26),4,0.2,0.5937,0.5973977448018135,0.5936610936128233,0.5926341388158771
NCA,letters,(20000|16|26),4,0.3,0.5865,0.5921868914909593,0.5866399204622609,0.5870765790252535
LFDA,letters,(20000|16|26),2,0,0.1844,0.19163944477083533,0.18333070008537905,0.17888863334764737
LFDA,letters,(20000|16|26),2,0.1,0.1864,0.19512543456432235,0.18694068628878815,0.18232622920979885
LFDA,letters,(20000|16|26),2,0.2,0.1877,0.1980363827291966,0.18647368425448185,0.18329990019546352
LFDA,letters,(20000|16|26),2,0.3,0.1866,0.19378067332382645,0.18803198100526686,0.18228860214826476
LFDA,letters,(20000|16|26),4,0,0.5907,0.599096479942748,0.5897089909523511,0.5907970642153264
LFDA,letters,(20000|16|26),4,0.1,0.5965,0.6030895093068479,0.5979510826525634,0.5979052549914219
LFDA,letters,(20000|16|26),4,0.2,0.5901,0.5994104872084217,0.5891942702336109,0.5906064072068555
LFDA,letters,(20000|16|26),4,0.3,0.581,0.5907152323516907,0.580909663104318,0.582695351412632
LMNN,letters,(20000|16|26),2,0,0.1864,0.19406141037236171,0.18642434424701515,0.18189644400977523
LMNN,letters,(20000|16|26),2,0.1,0.1861,0.19415306645430924,0.1873370565811612,0.1817093889488542
LMNN,letters,(20000|16|26),2,0.2,0.1853,0.19390294722527346,0.1862068217356185,0.18176269950551913
LMNN,letters,(20000|16|26),2,0.3,0.1913,0.197836172779991,0.1911346218532648,0.18604532543413813
LMNN,letters,(20000|16|26),4,0,0.5996,0.6058107865990437,0.5990112541346991,0.5987357534120034
LMNN,letters,(20000|16|26),4,0.1,0.5819,0.5957569511632863,0.5843534159714611,0.5843480314102261
LMNN,letters,(20000|16|26),4,0.2,0.5948,0.6039995354248664,0.5933467845978565,0.5939437420340365
LMNN,letters,(20000|16|26),4,0.3,0.573,0.580664425111879,0.5728507620092579,0.5720383432076693
RCA_Supervised,mnist,(4000|784|10),2,0,0.4045,0.3771199570897246,0.39086538586953334,0.38064940922166424
RCA_Supervised,mnist,(4000|784|10),2,0.1,0.4,0.3742454958723439,0.3891916650087383,0.3760515835434882
RCA_Supervised,mnist,(4000|784|10),2,0.2,0.4045,0.37670379133143556,0.39616496880419727,0.37945938402155094
RCA_Supervised,mnist,(4000|784|10),2,0.3,0.418,0.3990343939768982,0.4175795829858406,0.3997460484250606
RCA_Supervised,mnist,(4000|784|10),4,0,0.5885,0.5753468428856552,0.5815761001240303,0.5757663706238276
RCA_Supervised,mnist,(4000|784|10),4,0.1,0.598,0.5898514380844051,0.5955731687728667,0.5862611888025999
RCA_Supervised,mnist,(4000|784|10),4,0.2,0.604,0.5901019492623412,0.592847307108276,0.5886468977360293
RCA_Supervised,mnist,(4000|784|10),4,0.3,0.586,0.576618413241859,0.5788718781810085,0.576034583714245
MMC_Supervised,mnist,(4000|784|10),2,0,0.398,0.3769014031952161,0.3933958135944057,0.3806075178495609
MMC_Supervised,mnist,(4000|784|10),2,0.1,0.396,0.36795743615491855,0.39172032682897207,0.3741605159820595
MMC_Supervised,mnist,(4000|784|10),2,0.2,0.4005,0.37577815996216607,0.3851188360252521,0.3778299322255179
MMC_Supervised,mnist,(4000|784|10),2,0.3,0.4265,0.39964496324718957,0.41916587913349074,0.4058730384118747
MMC_Supervised,mnist,(4000|784|10),4,0,0.5025,0.49779248574438817,0.5022723465151937,0.4929113746341591
MMC_Supervised,mnist,(4000|784|10),4,0.1,0.517,0.5048627401613157,0.5107466597140536,0.5011101238651767
MMC_Supervised,mnist,(4000|784|10),4,0.2,0.509,0.4894132159389601,0.5015698190947195,0.4894343273080379
MMC_Supervised,mnist,(4000|784|10),4,0.3,0.516,0.49488436352716364,0.5064948288519612,0.49407544960872674
LSML_Supervised,mnist,(4000|784|10),2,0,0.404,0.3838978376252362,0.39727447424980167,0.38388421368768766
LSML_Supervised,mnist,(4000|784|10),2,0.1,0.4085,0.38152546090289213,0.4029227117536851,0.38636058338039964
LSML_Supervised,mnist,(4000|784|10),2,0.2,0.4065,0.37347132746897327,0.3953625486000215,0.3786752895208144
LSML_Supervised,mnist,(4000|784|10),2,0.3,0.412,0.39058576927271094,0.40704680035068214,0.39058921885667647
LSML_Supervised,mnist,(4000|784|10),4,0,0.5795,0.5687803643580567,0.5735455513118314,0.5669319798344498
LSML_Supervised,mnist,(4000|784|10),4,0.1,0.5785,0.5635963102423418,0.5668344714231397,0.5626642502796841
LSML_Supervised,mnist,(4000|784|10),4,0.2,0.588,0.5755666402331975,0.579302458496573,0.5760081715446763
LSML_Supervised,mnist,(4000|784|10),4,0.3,0.548,0.5358639399418232,0.5441636858492526,0.5363199239887501
ITML_Supervised,mnist,(4000|784|10),2,0,0.402,0.38028528551938173,0.4021398702203716,0.38104890679006487
ITML_Supervised,mnist,(4000|784|10),2,0.1,0.382,0.35291916497807374,0.37289932238146917,0.35700485204433546
ITML_Supervised,mnist,(4000|784|10),2,0.2,0.384,0.3618937746849825,0.37995576578121515,0.36292029640851114
ITML_Supervised,mnist,(4000|784|10),2,0.3,0.4185,0.3896958162334819,0.41068804076278065,0.39419188272781674
ITML_Supervised,mnist,(4000|784|10),4,0,0.5185,0.5008389420792444,0.508964184973842,0.502028081843652
ITML_Supervised,mnist,(4000|784|10),4,0.1,0.5245,0.5169002035902457,0.5204733807262141,0.51359207234146
ITML_Supervised,mnist,(4000|784|10),4,0.2,0.5255,0.5098879566877348,0.5252441757061218,0.5128078914095641
ITML_Supervised,mnist,(4000|784|10),4,0.3,0.511,0.4960272678895839,0.5044886555383636,0.49445587092316046
NCA,mnist,(4000|784|10),2,0,0.4005,0.38858711468160484,0.39665034384432857,0.3854739944275368
NCA,mnist,(4000|784|10),2,0.1,0.4195,0.39029370637966176,0.4044072918462326,0.39128676701419896
NCA,mnist,(4000|784|10),2,0.2,0.4035,0.3870498158130845,0.398642498327585,0.385200123776184
NCA,mnist,(4000|784|10),2,0.3,0.3935,0.3703833814364393,0.3879823119123883,0.37376209176457437
NCA,mnist,(4000|784|10),4,0,0.5505,0.5403013862451391,0.54979610988235,0.5411029237814132
NCA,mnist,(4000|784|10),4,0.1,0.589,0.5797955164445632,0.5819577888181586,0.5767531629899044
NCA,mnist,(4000|784|10),4,0.2,0.568,0.5557041144429125,0.5617850492754288,0.5499903102970889
NCA,mnist,(4000|784|10),4,0.3,0.5695,0.5568363035098635,0.5640597272737089,0.5564652854901351
MLKR,mnist,(4000|784|10),2,0,0.413,0.3892764299291032,0.40566138795584683,0.3920097802060805
MLKR,mnist,(4000|784|10),2,0.1,0.4145,0.3877775472228625,0.40093314431315863,0.39083536297486327
MLKR,mnist,(4000|784|10),2,0.2,0.3755,0.35400381062504394,0.365743924437129,0.35331110919784553
MLKR,mnist,(4000|784|10),2,0.3,0.41,0.3885309421980468,0.40720385891164224,0.3907967133328987
MLKR,mnist,(4000|784|10),4,0,0.5865,0.5784048863116087,0.5854331805552383,0.5785719139431904
MLKR,mnist,(4000|784|10),4,0.1,0.5845,0.5732718725297692,0.5773708843897035,0.5718225916365792
MLKR,mnist,(4000|784|10),4,0.2,0.5845,0.574421759815402,0.5771132077662446,0.5703485448309052
MLKR,mnist,(4000|784|10),4,0.3,0.5965,0.5855369118201711,0.5891832376471877,0.582438966363673
LFDA,mnist,(4000|784|10),2,0,0.4075,0.38016482104063615,0.405133074191452,0.38418334150688827
LFDA,mnist,(4000|784|10),2,0.1,0.407,0.3831216929377472,0.39787089835961564,0.38507867544720886
LFDA,mnist,(4000|784|10),2,0.2,0.422,0.3885981141681588,0.41260186205648364,0.3958273915820577
LFDA,mnist,(4000|784|10),2,0.3,0.397,0.372539614482693,0.3877777691536236,0.3758047587997294
LFDA,mnist,(4000|784|10),4,0,0.5865,0.5803556242027423,0.5871051952753773,0.577943711592256
LFDA,mnist,(4000|784|10),4,0.1,0.585,0.5756249480716731,0.5814658229305748,0.5736188257176694
LFDA,mnist,(4000|784|10),4,0.2,0.5875,0.5734256318433364,0.578939909049981,0.571453118023993
LFDA,mnist,(4000|784|10),4,0.3,0.5865,0.5810655555221036,0.5797552689924308,0.5747715070023467
LMNN,mnist,(4000|784|10),2,0,0.4075,0.37764957349952755,0.40319070201673224,0.3832629072825231
LMNN,mnist,(4000|784|10),2,0.1,0.4105,0.3749055178643942,0.4003386586597862,0.3823187874513751
LMNN,mnist,(4000|784|10),2,0.2,0.3935,0.3768907487621671,0.3909676567174131,0.37364495861437286
LMNN,mnist,(4000|784|10),2,0.3,0.3985,0.37379703554160104,0.3925772787614189,0.3772408649702991
LMNN,mnist,(4000|784|10),4,0,0.5885,0.5790862671119139,0.5880749682658484,0.5797670247876939
LMNN,mnist,(4000|784|10),4,0.1,0.5945,0.5824238369575223,0.5842955682457769,0.5811872491383907
LMNN,mnist,(4000|784|10),4,0.2,0.5875,0.5752220920063505,0.5820047030970114,0.5751444895326792
LMNN,mnist,(4000|784|10),4,0.3,0.601,0.5933890409676975,0.5945106016441865,0.5908464519473506
MMC_Supervised,soybean,(150|4|3),2,0,0.96,0.9619753086419753,0.9615384615384616,0.9615242323344432
MMC_Supervised,soybean,(150|4|3),2,0.1,0.9466666666666667,0.9472049689440993,0.9472049689440993,0.9472049689440993
MMC_Supervised,soybean,(150|4|3),2,0.2,0.9466666666666667,0.9503657262277952,0.9459876543209876,0.9472049689440993
MMC_Supervised,soybean,(150|4|3),2,0.3,0.92,0.9126984126984127,0.92046783625731,0.9155172413793103
MMC_Supervised,soybean,(150|4|3),4,0,1.0,1.0,1.0,1.0
MMC_Supervised,soybean,(150|4|3),4,0.1,0.9866666666666667,0.9855072463768115,0.9866666666666667,0.9857898715041573
MMC_Supervised,soybean,(150|4|3),4,0.2,0.9733333333333334,0.9753086419753086,0.9753086419753086,0.9743589743589743
MMC_Supervised,soybean,(150|4|3),4,0.3,0.96,0.967741935483871,0.96,0.9617742517129463
LSML_Supervised,soybean,(150|4|3),2,0,0.9866666666666667,0.9888888888888889,0.9871794871794872,0.9878143347734575
LSML_Supervised,soybean,(150|4|3),2,0.1,0.9466666666666667,0.9461111111111111,0.9470457079152732,0.9455555555555555
LSML_Supervised,soybean,(150|4|3),2,0.2,0.96,0.9598765432098765,0.9616977225672878,0.9605415860735009
LSML_Supervised,soybean,(150|4|3),2,0.3,0.9466666666666667,0.9527777777777778,0.9496336996336997,0.9503448275862069
LSML_Supervised,soybean,(150|4|3),4,0,0.9466666666666667,0.9455072463768115,0.9455072463768116,0.9444444444444443
LSML_Supervised,soybean,(150|4|3),4,0.1,0.9866666666666667,0.9876543209876543,0.9855072463768115,0.986303284416492
LSML_Supervised,soybean,(150|4|3),4,0.2,0.9333333333333333,0.9400352733686067,0.9422222222222222,0.9393136930376255
LSML_Supervised,soybean,(150|4|3),4,0.3,0.9733333333333334,0.9732905982905984,0.9732905982905984,0.9732905982905984
ITML_Supervised,soybean,(150|4|3),2,0,0.9733333333333334,0.9770114942528735,0.9743589743589745,0.9747619047619048
ITML_Supervised,soybean,(150|4|3),2,0.1,0.9866666666666667,0.9866666666666667,0.9871794871794872,0.9866613311991465
ITML_Supervised,soybean,(150|4|3),2,0.2,0.9733333333333334,0.9761904761904763,0.9761904761904763,0.9753086419753086
ITML_Supervised,soybean,(150|4|3),2,0.3,0.9733333333333334,0.9770114942528735,0.9682539682539683,0.9714285714285715
ITML_Supervised,soybean,(150|4|3),4,0,0.9733333333333334,0.9753086419753086,0.9733333333333333,0.9732905982905983
ITML_Supervised,soybean,(150|4|3),4,0.1,0.9866666666666667,0.9866666666666667,0.9880952380952381,0.9871366728509585
ITML_Supervised,soybean,(150|4|3),4,0.2,0.9466666666666667,0.9514652014652015,0.9514652014652015,0.9506172839506174
ITML_Supervised,soybean,(150|4|3),4,0.3,0.96,0.9655172413793104,0.9629629629629629,0.962210338680927
NCA,soybean,(150|4|3),2,0,0.8933333333333333,0.9166666666666666,0.9047619047619048,0.8968253968253969
NCA,soybean,(150|4|3),2,0.1,0.9066666666666666,0.9222222222222222,0.9166666666666666,0.908355795148248
NCA,soybean,(150|4|3),2,0.2,0.96,0.9652406417112299,0.9609134826526131,0.9628524046434493
NCA,soybean,(150|4|3),2,0.3,0.96,0.96,0.9642857142857143,0.9598554797270173
NCA,soybean,(150|4|3),4,0,0.9866666666666667,0.9876543209876543,0.9871794871794872,0.987174744111481
NCA,soybean,(150|4|3),4,0.1,0.96,0.9696969696969697,0.9523809523809524,0.9584859584859585
NCA,soybean,(150|4|3),4,0.2,0.9733333333333334,0.9733333333333333,0.9743589743589745,0.9727777777777779
NCA,soybean,(150|4|3),4,0.3,0.96,0.9581939799331104,0.9601571268237935,0.9589098532494758
MLKR,soybean,(150|4|3),2,0,0.9866666666666667,0.9841269841269842,0.9888888888888889,0.9862202011850627
MLKR,soybean,(150|4|3),2,0.1,0.9466666666666667,0.9530864197530864,0.9530864197530864,0.9530864197530864
MLKR,soybean,(150|4|3),2,0.2,0.9733333333333334,0.9753086419753086,0.9722222222222222,0.9726867335562988
MLKR,soybean,(150|4|3),2,0.3,0.92,0.9178981937602627,0.9178981937602627,0.9178981937602627
MLKR,soybean,(150|4|3),4,0,0.9733333333333334,0.9743589743589745,0.9722222222222222,0.9721739130434783
MLKR,soybean,(150|4|3),4,0.1,0.9466666666666667,0.9619047619047619,0.9393939393939394,0.9464646464646465
MLKR,soybean,(150|4|3),4,0.2,0.9066666666666666,0.9102564102564102,0.9106172839506174,0.9102232087803674
MLKR,soybean,(150|4|3),4,0.3,0.96,0.9588405797101448,0.9583333333333334,0.9583152409900131
LFDA,soybean,(150|4|3),2,0,0.9733333333333334,0.9691358024691358,0.9691358024691358,0.9691358024691358
LFDA,soybean,(150|4|3),2,0.1,0.9466666666666667,0.9501424501424501,0.9509523809523809,0.949667616334283
LFDA,soybean,(150|4|3),2,0.2,0.9333333333333333,0.9260606060606061,0.9348370927318296,0.9279030526154317
LFDA,soybean,(150|4|3),2,0.3,0.9733333333333334,0.9722222222222222,0.9753086419753086,0.9726867335562988
LFDA,soybean,(150|4|3),4,0,1.0,1.0,1.0,1.0
LFDA,soybean,(150|4|3),4,0.1,0.9466666666666667,0.9583333333333334,0.9506172839506174,0.9511111111111111
LFDA,soybean,(150|4|3),4,0.2,0.9733333333333334,0.978494623655914,0.9710144927536232,0.9737373737373737
LFDA,soybean,(150|4|3),4,0.3,0.9466666666666667,0.9506172839506174,0.9487179487179488,0.9455555555555555
LMNN,soybean,(150|4|3),2,0,0.96,0.9629629629629629,0.9655172413793104,0.962210338680927
LMNN,soybean,(150|4|3),2,0.1,0.96,0.9615384615384616,0.9642857142857143,0.960723912206392
LMNN,soybean,(150|4|3),2,0.2,0.9333333333333333,0.9393162393162392,0.9410752688172043,0.939997857066324
LMNN,soybean,(150|4|3),2,0.3,0.9733333333333334,0.9733333333333333,0.9770114942528735,0.9742063492063493
LMNN,soybean,(150|4|3),4,0,0.96,0.9616977225672878,0.9598765432098765,0.9605415860735009
LMNN,soybean,(150|4|3),4,0.1,0.96,0.9588405797101448,0.9583333333333334,0.9583152409900131
LMNN,soybean,(150|4|3),4,0.2,0.9733333333333334,0.9753086419753086,0.9696969696969697,0.9713064713064713
LMNN,soybean,(150|4|3),4,0.3,0.9866666666666667,0.9848484848484849,0.9888888888888889,0.9865983445013796
MMC_Supervised,iris,(150|4|3),2,0,0.9733333333333334,0.9761904761904763,0.9743589743589745,0.974320987654321
MMC_Supervised,iris,(150|4|3),2,0.1,0.9733333333333334,0.9761904761904763,0.9733333333333333,0.9737654320987655
MMC_Supervised,iris,(150|4|3),2,0.2,0.9466666666666667,0.9434343434343435,0.9520833333333334,0.9467485919098823
MMC_Supervised,iris,(150|4|3),2,0.3,0.96,0.9629629629629629,0.9615384615384616,0.9599839935974389
MMC_Supervised,iris,(150|4|3),4,0,0.9733333333333334,0.9753086419753086,0.9710144927536232,0.972027972027972
MMC_Supervised,iris,(150|4|3),4,0.1,0.92,0.9259834368530021,0.9214957264957265,0.9207221350078494
MMC_Supervised,iris,(150|4|3),4,0.2,0.9466666666666667,0.9540229885057471,0.9466666666666667,0.9463231347289319
MMC_Supervised,iris,(150|4|3),4,0.3,0.9466666666666667,0.951024487756122,0.9476543209876542,0.9484126984126985
LSML_Supervised,iris,(150|4|3),2,0,0.9466666666666667,0.9455072463768116,0.9455072463768115,0.9444444444444443
LSML_Supervised,iris,(150|4|3),2,0.1,0.9466666666666667,0.9444444444444443,0.9444444444444443,0.9444444444444443
LSML_Supervised,iris,(150|4|3),2,0.2,0.9333333333333333,0.939047619047619,0.939047619047619,0.9371069182389936
LSML_Supervised,iris,(150|4|3),2,0.3,0.96,0.956876456876457,0.9594356261022927,0.9578762615182098
LSML_Supervised,iris,(150|4|3),4,0,0.9733333333333334,0.9710144927536232,0.9761904761904763,0.9725028058361391
LSML_Supervised,iris,(150|4|3),4,0.1,0.96,0.959866220735786,0.9588888888888888,0.9591155611180643
LSML_Supervised,iris,(150|4|3),4,0.2,0.9466666666666667,0.9463231347289319,0.9463231347289319,0.9463231347289319
LSML_Supervised,iris,(150|4|3),4,0.3,0.9733333333333334,0.9740957966764419,0.9740957966764419,0.9740957966764419
ITML_Supervised,iris,(150|4|3),2,0,0.9733333333333334,0.9743589743589745,0.9666666666666667,0.9691228070175439
ITML_Supervised,iris,(150|4|3),2,0.1,0.9466666666666667,0.9496296296296296,0.9496296296296296,0.9487179487179486
ITML_Supervised,iris,(150|4|3),2,0.2,0.9866666666666667,0.9876543209876543,0.9848484848484849,0.9859587538394031
ITML_Supervised,iris,(150|4|3),2,0.3,0.9733333333333334,0.978494623655914,0.9682539682539683,0.9722222222222223
ITML_Supervised,iris,(150|4|3),4,0,1.0,1.0,1.0,1.0
ITML_Supervised,iris,(150|4|3),4,0.1,0.9733333333333334,0.9722222222222222,0.9722222222222222,0.9722222222222222
ITML_Supervised,iris,(150|4|3),4,0.2,0.96,0.9583333333333334,0.96875,0.9613843351548269
ITML_Supervised,iris,(150|4|3),4,0.3,0.9466666666666667,0.9497929606625259,0.9471794871794872,0.9475308641975309
NCA,iris,(150|4|3),2,0,0.9466666666666667,0.956989247311828,0.9523809523809524,0.9513704686118478
NCA,iris,(150|4|3),2,0.1,0.9733333333333334,0.9710144927536232,0.9722222222222222,0.9703557312252964
NCA,iris,(150|4|3),2,0.2,0.9866666666666667,0.9871794871794872,0.9871794871794872,0.9869281045751634
NCA,iris,(150|4|3),2,0.3,0.96,0.9629629629629629,0.96,0.9591155611180643
NCA,iris,(150|4|3),4,0,0.9733333333333334,0.9726867335562988,0.9726867335562988,0.9726867335562988
NCA,iris,(150|4|3),4,0.1,0.9466666666666667,0.9506172839506174,0.9555555555555556,0.9495238095238095
NCA,iris,(150|4|3),4,0.2,0.9333333333333333,0.9316239316239318,0.9381499726327313,0.9326599326599326
NCA,iris,(150|4|3),4,0.3,0.9466666666666667,0.9490740740740741,0.9482051282051281,0.9476923076923076
MLKR,iris,(150|4|3),2,0,0.9466666666666667,0.9466666666666667,0.9540229885057471,0.9463231347289319
MLKR,iris,(150|4|3),2,0.1,0.96,0.9571256038647343,0.9581818181818181,0.9573696145124716
MLKR,iris,(150|4|3),2,0.2,0.9466666666666667,0.9476923076923077,0.9476923076923077,0.9476923076923077
MLKR,iris,(150|4|3),2,0.3,0.9733333333333334,0.974320987654321,0.974320987654321,0.974320987654321
MLKR,iris,(150|4|3),4,0,0.9466666666666667,0.9496296296296296,0.9496296296296296,0.9487179487179486
MLKR,iris,(150|4|3),4,0.1,0.9866666666666667,0.9841269841269842,0.9871794871794872,0.9853339709867687
MLKR,iris,(150|4|3),4,0.2,0.96,0.96,0.9583333333333334,0.956501182033097
MLKR,iris,(150|4|3),4,0.3,0.96,0.96875,0.9545454545454546,0.95921631347461
LFDA,iris,(150|4|3),2,0,0.96,0.9629629629629629,0.9615384615384616,0.9599839935974389
LFDA,iris,(150|4|3),2,0.1,0.9866666666666667,0.9861111111111112,0.9848484848484849,0.9851558634339436
LFDA,iris,(150|4|3),2,0.2,0.9866666666666667,0.9876543209876543,0.9880952380952381,0.9876500857632934
LFDA,iris,(150|4|3),2,0.3,0.96,0.96875,0.9615384615384616,0.963198394111743
LFDA,iris,(150|4|3),4,0,0.9733333333333334,0.9696969696969697,0.9753086419753086,0.9713064713064713
LFDA,iris,(150|4|3),4,0.1,0.9733333333333334,0.9753086419753086,0.9710144927536232,0.972027972027972
LFDA,iris,(150|4|3),4,0.2,0.9466666666666667,0.9476190476190475,0.9417249417249418,0.9435626102292769
LFDA,iris,(150|4|3),4,0.3,0.96,0.96,0.967741935483871,0.9617742517129463
LMNN,iris,(150|4|3),2,0,0.9866666666666667,0.9861111111111112,0.9880952380952381,0.9868471953578336
LMNN,iris,(150|4|3),2,0.1,0.96,0.9655172413793104,0.9642857142857143,0.9629502572898799
LMNN,iris,(150|4|3),2,0.2,0.92,0.9215384615384615,0.9215384615384615,0.9215384615384615
LMNN,iris,(150|4|3),2,0.3,0.9733333333333334,0.9743589743589745,0.9743589743589745,0.9733333333333333
LMNN,iris,(150|4|3),4,0,0.9333333333333333,0.93482905982906,0.9361245303274289,0.9333066559957318
LMNN,iris,(150|4|3),4,0.1,0.96,0.9615384615384616,0.96875,0.963198394111743
LMNN,iris,(150|4|3),4,0.2,0.9333333333333333,0.9401340996168583,0.9377967711301044,0.9370172311348782
LMNN,iris,(150|4|3),4,0.3,0.9466666666666667,0.9501424501424501,0.9509523809523809,0.949667616334283
MMC_Supervised,wine,(178|13|3),2,0,0.5393258426966292,0.5624524818073205,0.5358152958152959,0.5439822677879683
MMC_Supervised,wine,(178|13|3),2,0.1,0.6404494382022472,0.6595238095238095,0.6348781937017232,0.6352265043948614
MMC_Supervised,wine,(178|13|3),2,0.2,0.7865168539325843,0.7932539682539682,0.77688013136289,0.7820594965675056
MMC_Supervised,wine,(178|13|3),2,0.3,0.6629213483146067,0.6222894192001743,0.6222894192001743,0.6222894192001743
MMC_Supervised,wine,(178|13|3),4,0,0.8202247191011236,0.8527777777777779,0.8247710075667065,0.8180314636356147
MMC_Supervised,wine,(178|13|3),4,0.1,0.8314606741573034,0.8389227642276422,0.8136777128005198,0.8140384752914254
MMC_Supervised,wine,(178|13|3),4,0.2,0.8651685393258427,0.8801373954599759,0.8520114942528735,0.8593149540517961
MMC_Supervised,wine,(178|13|3),4,0.3,0.7528089887640449,0.7595959595959596,0.732051282051282,0.7374847374847375
LSML_Supervised,wine,(178|13|3),2,0,0.550561797752809,0.5844252988713017,0.5909949164851126,0.5456909554272638
LSML_Supervised,wine,(178|13|3),2,0.1,0.48314606741573035,0.48616600790513825,0.44171444171444163,0.44381654381654373
LSML_Supervised,wine,(178|13|3),2,0.2,0.42696629213483145,0.39052287581699346,0.43279054916985954,0.36178932178932177
LSML_Supervised,wine,(178|13|3),2,0.3,0.6404494382022472,0.6046065862242332,0.633144399460189,0.6017128761031201
LSML_Supervised,wine,(178|13|3),4,0,0.7752808988764045,0.7932432432432432,0.7746305418719212,0.7727272727272728
LSML_Supervised,wine,(178|13|3),4,0.1,0.6741573033707865,0.6995311222953499,0.6722429712625791,0.6791937515747041
LSML_Supervised,wine,(178|13|3),4,0.2,0.6741573033707865,0.7217054263565892,0.6925364758698093,0.6663360280381557
LSML_Supervised,wine,(178|13|3),4,0.3,0.7640449438202247,0.7793803418803419,0.757554480678213,0.7546048722519311
ITML_Supervised,wine,(178|13|3),2,0,0.7640449438202247,0.7611273554256011,0.761437908496732,0.7500465453547736
ITML_Supervised,wine,(178|13|3),2,0.1,0.7303370786516854,0.7344122834318912,0.7344122834318912,0.7344122834318912
ITML_Supervised,wine,(178|13|3),2,0.2,0.7640449438202247,0.7486772486772487,0.7441492726122707,0.7411255411255411
ITML_Supervised,wine,(178|13|3),2,0.3,0.7191011235955056,0.7087210504549214,0.7281746031746031,0.7111011220990244
ITML_Supervised,wine,(178|13|3),4,0,0.8651685393258427,0.8848613469156762,0.8885057471264369,0.8769637726858664
ITML_Supervised,wine,(178|13|3),4,0.1,0.9325842696629213,0.93189127502853,0.9343915343915343,0.9329722344215097
ITML_Supervised,wine,(178|13|3),4,0.2,0.7865168539325843,0.7975845410628019,0.802895060959577,0.795341474445952
ITML_Supervised,wine,(178|13|3),4,0.3,0.6292134831460674,0.6409049133969601,0.6524277031990917,0.6415692007797271
NCA,wine,(178|13|3),2,0,0.6853932584269663,0.6723832528180353,0.6661604859335039,0.6687904895478528
NCA,wine,(178|13|3),2,0.1,0.7528089887640449,0.7056372549019607,0.7032258064516129,0.7042328042328042
NCA,wine,(178|13|3),2,0.2,0.651685393258427,0.6379928315412186,0.6318401462713856,0.6278234154811995
NCA,wine,(178|13|3),2,0.3,0.6966292134831461,0.6658900836320191,0.6592342342342342,0.6617553985975039
NCA,wine,(178|13|3),4,0,0.6853932584269663,0.6732765780730897,0.6764162561576353,0.6531772053083529
NCA,wine,(178|13|3),4,0.1,0.6966292134831461,0.6995631143704166,0.7049392712550606,0.7008813626460686
NCA,wine,(178|13|3),4,0.2,0.6404494382022472,0.6635924462011419,0.6448313090418354,0.648990825081854
NCA,wine,(178|13|3),4,0.3,0.6966292134831461,0.7094076655052265,0.6902743914238166,0.693011040155497
MLKR,wine,(178|13|3),2,0,0.6966292134831461,0.6757307060755336,0.6782738095238096,0.6737522493913412
MLKR,wine,(178|13|3),2,0.1,0.7078651685393258,0.6893141945773524,0.6737254901960785,0.6532120355649768
MLKR,wine,(178|13|3),2,0.2,0.6966292134831461,0.6907687991021324,0.6896811775107922,0.6789023521026372
MLKR,wine,(178|13|3),2,0.3,0.6741573033707865,0.6370370370370371,0.6452020202020202,0.6374751501292709
MLKR,wine,(178|13|3),4,0,0.7640449438202247,0.7604938271604939,0.7573435504469987,0.757775410633737
MLKR,wine,(178|13|3),4,0.1,0.6404494382022472,0.6749495497123581,0.6366567847298071,0.5890494209379659
MLKR,wine,(178|13|3),4,0.2,0.7191011235955056,0.6991419572064733,0.7072463768115943,0.6994120307553143
MLKR,wine,(178|13|3),4,0.3,0.6741573033707865,0.658061821219716,0.6470959595959597,0.6497354497354497
LFDA,wine,(178|13|3),2,0,0.7640449438202247,0.7468641114982578,0.7430555555555555,0.7387114387114387
LFDA,wine,(178|13|3),2,0.1,0.7078651685393258,0.7084291187739463,0.7108361863263823,0.7072950575672898
LFDA,wine,(178|13|3),2,0.2,0.7191011235955056,0.7022660098522168,0.7104011579818031,0.7046160739506929
LFDA,wine,(178|13|3),2,0.3,0.7191011235955056,0.6868686868686869,0.6975270201076653,0.6896805172742559
LFDA,wine,(178|13|3),4,0,0.8876404494382022,0.8938992042440318,0.8962215320910972,0.8894586894586896
LFDA,wine,(178|13|3),4,0.1,0.8426966292134831,0.8461597542242704,0.8448856379890862,0.8424503882657463
LFDA,wine,(178|13|3),4,0.2,0.8651685393258427,0.8653846153846154,0.8644334975369458,0.8643757972672638
LFDA,wine,(178|13|3),4,0.3,0.8651685393258427,0.8751685859528998,0.8687255698749952,0.8659250585480094
LMNN,wine,(178|13|3),2,0,0.6966292134831461,0.6698717948717948,0.6824915824915824,0.6672640382317802
LMNN,wine,(178|13|3),2,0.1,0.6741573033707865,0.6496710526315789,0.6535714285714286,0.6490355465578724
LMNN,wine,(178|13|3),2,0.2,0.7078651685393258,0.7306052855924978,0.7028758169934641,0.7089621018880906
LMNN,wine,(178|13|3),2,0.3,0.6966292134831461,0.6585053953475005,0.6631234015345269,0.6591618084575831
LMNN,wine,(178|13|3),4,0,0.8876404494382022,0.8986175115207372,0.8851600985221676,0.8880499463466979
LMNN,wine,(178|13|3),4,0.1,0.7865168539325843,0.7781245124044313,0.8076923076923078,0.7864298075944213
LMNN,wine,(178|13|3),4,0.2,0.898876404494382,0.9108734402852049,0.8956265508684864,0.9004273504273503
LMNN,wine,(178|13|3),4,0.3,0.9101123595505618,0.9142129800024538,0.8955564158816193,0.9036810950795413
